{"Items":[{"ItemGuid":"35329633-7cab-49e6-ad6b-9da4a0d18045","TransmogItemGuid":null,"Equipped":false,"EquippedSlotIndex":-1,"NumStacks":1,"ItemLevel":11,"ItemModID":null,"TimeAcquiredString":"11/22/2024 20:23:50","ItemModIDs":["b5e7fae6-c86f-4725-9c49-1eb9d6eb9044"],"HardcoreSetting":1,"IsFromPreset":false},{"ItemGuid":"c36c8374-48b4-463e-a8d3-d062331f1063","TransmogItemGuid":null,"Equipped":false,"EquippedSlotIndex":-1,"NumStacks":1,"ItemLevel":7,"ItemModID":null,"TimeAcquiredString":"11/22/2024 19:37:55","ItemModIDs":["4673587c-335c-425b-88c8-3bf56b6d9991"],"HardcoreSetting":1,"IsFromPreset":false},{"ItemGuid":"d512884f-4861-4c1a-b2b9-3b897618b330","TransmogItemGuid":null,"Equipped":false,"EquippedSlotIndex":-1,"NumStacks":1,"ItemLevel":7,"ItemModID":null,"TimeAcquiredString":"11/22/2024 19:37:15","ItemModIDs":["ac88a199-5429-4925-9400-87da585a5a99"],"HardcoreSetting":1,"IsFromPreset":false},{"ItemGuid":"4b4c031c-8f4b-49cb-8ed5-cbff85fce364","TransmogItemGuid":null,"Equipped":false,"EquippedSlotIndex":-1,"NumStacks":1,"ItemLevel":6,"ItemModID":null,"TimeAcquiredString":"11/22/2024 19:26:22","ItemModIDs":["4df2aa05-25ed-4667-8334-30abc3fa62b3"],"HardcoreSetting":1,"IsFromPreset":false},{"ItemGuid":"be6a6803-03df-43e1-adb8-65c5e1199926","TransmogItemGuid":null,"Equipped":false,"EquippedSlotIndex":-1,"NumStacks":1,"ItemLevel":17,"ItemModID":null,"TimeAcquiredString":"11/22/2024 21:18:38","ItemModIDs":[],"HardcoreSetting":1,"IsFromPreset":false},{"ItemGuid":"0859edcf-0a89-4bc7-a4d1-0f959e396b6f","TransmogItemGuid":null,"Equipped":false,"EquippedSlotIndex":-1,"NumStacks":39,"ItemLevel":18,"ItemModID":null,"TimeAcquiredString":"11/22/2024 21:56:04","ItemModIDs":[],"HardcoreSetting":1,"IsFromPreset":false},{"ItemGuid":"b06a40a1-c4f5-46d8-95bf-1b2cfe4e5f05","TransmogItemGuid":null,"Equipped":false,"EquippedSlotIndex":-1,"NumStacks":4,"ItemLevel":1,"ItemModID":null,"TimeAcquiredString":"11/22/2024 16:09:47","ItemModIDs":[],"HardcoreSetting":1,"IsFromPreset":false},{"ItemGuid":"5d6977db-62da-4242-8f4f-ade9286be7f4","TransmogItemGuid":null,"Equipped":false,"EquippedSlotIndex":-1,"NumStacks":1,"ItemLevel":18,"ItemModID":null,"TimeAcquiredString":"11/22/2024 21:58:08","ItemModIDs":[],"HardcoreSetting":1,"IsFromPreset":false},{"ItemGuid":"26f1e667-b12b-4767-840f-3c740f1ea3e2","TransmogItemGuid":null,"Equipped":false,"EquippedSlotIndex":-1,"NumStacks":1,"ItemLevel":18,"ItemModID":null,"TimeAcquiredString":"11/22/2024 22:03:40","ItemModIDs":["ea957136-98fc-4d0b-87c7-9cfa3e450237"],"HardcoreSetting":1,"IsFromPreset":false},{"ItemGuid":"0c675bb8-f499-44e7-b588-74f001d0a558","TransmogItemGuid":null,"Equipped":false,"EquippedSlotIndex":-1,"NumStacks":1,"ItemLevel":11,"ItemModID":null,"TimeAcquiredString":"11/22/2024 20:21:09","ItemModIDs":[],"HardcoreSetting":1,"IsFromPreset":false},{"ItemGuid":"78cb05b4-31c8-42af-9a4e-6c631c798328","TransmogItemGuid":null,"Equipped":false,"EquippedSlotIndex":-1,"NumStacks":1,"ItemLevel":5,"ItemModID":null,"TimeAcquiredString":"11/22/2024 17:08:40","ItemModIDs":[],"HardcoreSetting":1,"IsFromPreset":false},{"ItemGuid":"ae18fb0a-7c34-429b-ab71-6923c451de09","TransmogItemGuid":null,"Equipped":false,"EquippedSlotIndex":-1,"NumStacks":1,"ItemLevel":17,"ItemModID":null,"TimeAcquiredString":"11/22/2024 21:38:08","ItemModIDs":[],"HardcoreSetting":1,"IsFromPreset":false},{"ItemGuid":"fa8983e7-cdc0-45c2-aa5f-2e599eeeddd1","TransmogItemGuid":null,"Equipped":false,"EquippedSlotIndex":-1,"NumStacks":1,"ItemLevel":15,"ItemModID":null,"TimeAcquiredString":"11/22/2024 21:04:16","ItemModIDs":[],"HardcoreSetting":1,"IsFromPreset":false},{"ItemGuid":"97b668b1-1ec0-45d1-9292-7efb093b8991","TransmogItemGuid":null,"Equipped":false,"EquippedSlotIndex":-1,"NumStacks":1,"ItemLevel":8,"ItemModID":null,"TimeAcquiredString":"11/22/2024 19:52:40","ItemModIDs":["adf9054d-434c-41d1-bf6d-d6efded5c0b3"],"HardcoreSetting":1,"IsFromPreset":false},{"ItemGuid":"d914df39-7b99-4ef6-8454-58e0f87e07ee","TransmogItemGuid":null,"Equipped":false,"EquippedSlotIndex":-1,"NumStacks":1,"ItemLevel":17,"ItemModID":null,"TimeAcquiredString":"11/22/2024 21:43:36","ItemModIDs":["ba352d24-11bf-4d81-87fa-ef0d01876507"],"HardcoreSetting":1,"IsFromPreset":false},{"ItemGuid":"ac16d4dd-a135-4508-87fa-0ff797a9cef8","TransmogItemGuid":null,"Equipped":false,"EquippedSlotIndex":-1,"NumStacks":1,"ItemLevel":30,"ItemModID":null,"TimeAcquiredString":"11/23/2024 23:54:23","ItemModIDs":["d4054a7e-c0fc-423b-8a43-4945d93774b1","0d816abc-71cf-4ea0-a32f-06d409167da8"],"HardcoreSetting":1,"IsFromPreset":false}]}