{"DesktopAudioDevice1":{"prev_ver":486604803,"name":"桌面音频","uuid":"19c38e31-a55e-4c97-886b-9cd20008e1b1","id":"wasapi_output_capture","versioned_id":"wasapi_output_capture","settings":{"device_id":"default"},"mixers":255,"sync":0,"flags":0,"volume":1.0,"balance":0.5,"enabled":true,"muted":false,"push-to-mute":false,"push-to-mute-delay":0,"push-to-talk":false,"push-to-talk-delay":0,"hotkeys":{"libobs.mute":[],"libobs.unmute":[],"libobs.push-to-mute":[],"libobs.push-to-talk":[]},"deinterlace_mode":0,"deinterlace_field_order":0,"monitoring_type":0,"private_settings":{}},"current_scene":"场景","current_program_scene":"场景","scene_order":[{"name":"场景"}],"name":"未命名","sources":[{"prev_ver":486604803,"name":"场景","uuid":"d7ba0571-13be-42e6-a588-85a8c19eceb9","id":"scene","versioned_id":"scene","settings":{"id_counter":0,"custom_size":false,"items":[]},"mixers":0,"sync":0,"flags":0,"volume":1.0,"balance":0.5,"enabled":true,"muted":false,"push-to-mute":false,"push-to-mute-delay":0,"push-to-talk":false,"push-to-talk-delay":0,"hotkeys":{"OBSBasic.SelectScene":[]},"deinterlace_mode":0,"deinterlace_field_order":0,"monitoring_type":0,"private_settings":{}}],"groups":[],"quick_transitions":[{"name":"裁切","duration":300,"hotkeys":[],"id":1,"fade_to_black":false},{"name":"渐变","duration":300,"hotkeys":[],"id":2,"fade_to_black":false},{"name":"渐变","duration":300,"hotkeys":[],"id":3,"fade_to_black":true}],"transitions":[],"saved_projectors":[],"current_transition":"渐变","transition_duration":300,"preview_locked":false,"scaling_enabled":false,"scaling_level":0,"scaling_off_x":0.0,"scaling_off_y":0.0,"modules":{"scripts-tool":[],"output-timer":{"streamTimerHours":0,"streamTimerMinutes":0,"streamTimerSeconds":30,"recordTimerHours":0,"recordTimerMinutes":0,"recordTimerSeconds":30,"autoStartStreamTimer":false,"autoStartRecordTimer":false,"pauseRecordTimer":true},"auto-scene-switcher":{"interval":300,"non_matching_scene":"","switch_if_not_matching":false,"active":false,"switches":[]},"captions":{"source":"","enabled":false,"lang_id":2052,"provider":"mssapi"}}}