{"plantData":[{"thePlantRow":0,"thePlantColumn":0,"thePlantType":23,"growStage":0,"waterLevel":100,"love":0,"nextTime":1731598674,"needTool":2},{"thePlantRow":0,"thePlantColumn":1,"thePlantType":5,"growStage":0,"waterLevel":100,"love":0,"nextTime":1731598680,"needTool":2},{"thePlantRow":1,"thePlantColumn":0,"thePlantType":21,"growStage":0,"waterLevel":100,"love":0,"nextTime":1731598674,"needTool":2},{"thePlantRow":1,"thePlantColumn":2,"thePlantType":30,"growStage":0,"waterLevel":100,"love":0,"nextTime":1731598683,"needTool":2},{"thePlantRow":0,"thePlantColumn":2,"thePlantType":31,"growStage":0,"waterLevel":100,"love":0,"nextTime":1731598681,"needTool":2},{"thePlantRow":1,"thePlantColumn":1,"thePlantType":8,"growStage":0,"waterLevel":100,"love":0,"nextTime":1731598674,"needTool":2},{"thePlantRow":1,"thePlantColumn":3,"thePlantType":23,"growStage":0,"waterLevel":37,"love":0,"nextTime":1731598677,"needTool":1},{"thePlantRow":2,"thePlantColumn":4,"thePlantType":4,"growStage":0,"waterLevel":0,"love":0,"nextTime":0,"needTool":1}]}