{
	"version": "2.1.0",
	"setting": {
		"version": "2.1.0",
		"common.windowSizeId": 3,
		"common.fontSize": 16,
		"common.startInFullscreen": false,
		"common.langId": "zh-cn",
		"common.apiSource": "user_api_650_1736904048096",
		"common.sourceNameType": "alias",
		"common.font": "",
		"common.isShowAnimation": true,
		"common.randomAnimate": true,
		"common.isAgreePact": true,
		"common.controlBtnPosition": "right",
		"common.playBarProgressStyle": "mini",
		"common.tryAutoUpdate": true,
		"common.showChangeLog": true,
		"player.startupAutoPlay": false,
		"player.togglePlayMethod": "listLoop",
		"player.playQuality": "flac24bit",
		"player.isShowTaskProgess": true,
		"player.isShowStatusBarLyric": false,
		"player.volume": 1,
		"player.powerSaveBlocker": true,
		"player.isMute": false,
		"player.playbackRate": 1,
		"player.preservesPitch": true,
		"player.isMaxOutputChannelCount": false,
		"player.mediaDeviceId": "default",
		"player.isMediaDeviceRemovedStopPlay": false,
		"player.isShowLyricTranslation": false,
		"player.isShowLyricRoma": false,
		"player.isS2t": false,
		"player.isPlayLxlrc": true,
		"player.isSavePlayTime": false,
		"player.audioVisualization": false,
		"player.waitPlayEndStop": true,
		"player.waitPlayEndStopTime": "",
		"player.autoSkipOnError": true,
		"player.isAutoCleanPlayedList": false,
		"player.soundEffect.convolution.fileName": "",
		"player.soundEffect.convolution.mainGain": 10,
		"player.soundEffect.convolution.sendGain": 0,
		"player.soundEffect.biquadFilter.hz31": 0,
		"player.soundEffect.biquadFilter.hz62": 0,
		"player.soundEffect.biquadFilter.hz125": 0,
		"player.soundEffect.biquadFilter.hz250": 0,
		"player.soundEffect.biquadFilter.hz500": 0,
		"player.soundEffect.biquadFilter.hz1000": 0,
		"player.soundEffect.biquadFilter.hz2000": 0,
		"player.soundEffect.biquadFilter.hz4000": 0,
		"player.soundEffect.biquadFilter.hz8000": 0,
		"player.soundEffect.biquadFilter.hz16000": 0,
		"player.soundEffect.panner.enable": false,
		"player.soundEffect.panner.soundR": 5,
		"player.soundEffect.panner.speed": 25,
		"player.soundEffect.pitchShifter.playbackRate": 1,
		"playDetail.isZoomActiveLrc": false,
		"playDetail.isShowLyricProgressSetting": false,
		"playDetail.style.fontSize": 140,
		"playDetail.style.align": "center",
		"playDetail.isDelayScroll": true,
		"desktopLyric.enable": false,
		"desktopLyric.isLock": false,
		"desktopLyric.isAlwaysOnTop": false,
		"desktopLyric.isAlwaysOnTopLoop": false,
		"desktopLyric.isShowTaskbar": false,
		"desktopLyric.audioVisualization": false,
		"desktopLyric.fullscreenHide": true,
		"desktopLyric.width": 450,
		"desktopLyric.height": 300,
		"desktopLyric.x": null,
		"desktopLyric.y": null,
		"desktopLyric.isLockScreen": true,
		"desktopLyric.isDelayScroll": true,
		"desktopLyric.scrollAlign": "center",
		"desktopLyric.isHoverHide": false,
		"desktopLyric.direction": "horizontal",
		"desktopLyric.style.align": "center",
		"desktopLyric.style.font": "",
		"desktopLyric.style.fontSize": 20,
		"desktopLyric.style.lineGap": 15,
		"desktopLyric.style.lyricUnplayColor": "rgba(255, 255, 255, 1)",
		"desktopLyric.style.lyricPlayedColor": "rgba(255, 57, 71, 1)",
		"desktopLyric.style.lyricShadowColor": "rgba(0, 0, 0, 0.18)",
		"desktopLyric.style.opacity": 95,
		"desktopLyric.style.ellipsis": false,
		"desktopLyric.style.isZoomActiveLrc": false,
		"desktopLyric.style.isFontWeightFont": true,
		"desktopLyric.style.isFontWeightLine": true,
		"desktopLyric.style.isFontWeightExtended": true,
		"list.isClickPlayList": false,
		"list.isShowSource": true,
		"list.isSaveScrollLocation": true,
		"list.addMusicLocationType": "top",
		"list.actionButtonsVisible": false,
		"download.enable": false,
		"download.savePath": "C:\\Users\\Administrator\\Desktop",
		"download.fileName": "歌名 - 歌手",
		"download.maxDownloadNum": 3,
		"download.skipExistFile": true,
		"download.isDownloadLrc": false,
		"download.isDownloadTLrc": false,
		"download.isDownloadRLrc": false,
		"download.lrcFormat": "utf8",
		"download.isEmbedPic": true,
		"download.isEmbedLyric": false,
		"download.isEmbedLyricT": false,
		"download.isEmbedLyricR": false,
		"download.isUseOtherSource": false,
		"search.isShowHotSearch": false,
		"search.isShowHistorySearch": false,
		"search.isFocusSearchBox": false,
		"network.proxy.enable": true,
		"network.proxy.host": "127.0.0.1",
		"network.proxy.port": "7890",
		"tray.enable": false,
		"tray.themeId": 0,
		"sync.mode": "client",
		"sync.enable": false,
		"sync.server.port": "23332",
		"sync.server.maxSsnapshotNum": 5,
		"sync.client.host": "http://10.168.1.179:23332",
		"openAPI.enable": false,
		"openAPI.port": "23330",
		"openAPI.bindLan": false,
		"theme.id": "black",
		"theme.lightId": "green",
		"theme.darkId": "black",
		"odc.isAutoClearSearchInput": false,
		"odc.isAutoClearSearchList": false
	}
}