{
	"local": {
		"enable": true,
		"keys": {
			"mod+f5": {
				"type": "win_main",
				"name": "player_toggle_play",
				"action": "player_toggle_play"
			},
			"mod+arrowleft": {
				"type": "win_main",
				"name": "player_prev",
				"action": "player_prev"
			},
			"mod+arrowright": {
				"type": "win_main",
				"name": "player_next",
				"action": "player_next"
			},
			"f1": {
				"type": "win_main",
				"name": "common_focus_search_input",
				"action": "common_focus_search_input"
			}
		}
	},
	"global": {
		"enable": false,
		"keys": {
			"mod+alt+f5": {
				"type": "win_main",
				"name": "player_toggle_play",
				"action": "player_toggle_play"
			},
			"mod+alt+arrowleft": {
				"type": "win_main",
				"name": "player_prev",
				"action": "player_prev"
			},
			"mod+alt+arrowright": {
				"type": "win_main",
				"name": "player_next",
				"action": "player_next"
			},
			"mod+alt+arrowup": {
				"type": "win_main",
				"name": "player_volume_up",
				"action": "player_volume_up"
			},
			"mod+alt+arrowdown": {
				"type": "win_main",
				"name": "player_volume_down",
				"action": "player_volume_down"
			},
			"mod+alt+0": {
				"type": "win_lyric",
				"name": "desktop_lyric_toggle_visible",
				"action": "desktop_lyric_toggle_visible"
			},
			"mod+alt+-": {
				"type": "win_lyric",
				"name": "desktop_lyric_toggle_lock",
				"action": "desktop_lyric_toggle_lock"
			},
			"mod+alt+=": {
				"type": "win_lyric",
				"name": "desktop_lyric_toggle_always_top",
				"action": "desktop_lyric_toggle_always_top"
			}
		}
	}
}