{"DesktopAudioDevice1":{"prev_ver":486604803,"name":"桌面音频","uuid":"10f1cc7a-c7e5-40aa-bbb4-48d1fa4cfd94","id":"wasapi_output_capture","versioned_id":"wasapi_output_capture","settings":{"device_id":"default"},"mixers":193,"sync":0,"flags":0,"volume":0.46193850040435791,"balance":0.5,"enabled":true,"muted":false,"push-to-mute":false,"push-to-mute-delay":0,"push-to-talk":false,"push-to-talk-delay":0,"hotkeys":{"libobs.mute":[],"libobs.unmute":[],"libobs.push-to-mute":[],"libobs.push-to-talk":[]},"deinterlace_mode":0,"deinterlace_field_order":0,"monitoring_type":0,"private_settings":{}},"current_scene":"场景","current_program_scene":"场景","scene_order":[{"name":"场景"}],"name":"未命名","sources":[{"prev_ver":486604803,"name":"场景","uuid":"649a7224-b556-4f71-99b1-57da4abb5f67","id":"scene","versioned_id":"scene","settings":{"id_counter":5,"custom_size":false,"items":[{"name":"图像","source_uuid":"5aa41db1-8c5b-4ee0-85c4-5f96ccfd5a99","visible":true,"locked":false,"rot":0.0,"pos":{"x":0.0,"y":0.0},"scale":{"x":1.0,"y":1.0},"align":5,"bounds_type":1,"bounds_align":0,"bounds":{"x":2560.0,"y":1440.0},"crop_left":0,"crop_top":0,"crop_right":0,"crop_bottom":0,"id":1,"group_item_backup":false,"scale_filter":"disable","blend_method":"default","blend_type":"normal","show_transition":{"duration":0},"hide_transition":{"duration":0},"private_settings":{}},{"name":"音频输入采集","source_uuid":"6153882c-c17e-4805-95eb-6bf7dc109c6c","visible":true,"locked":false,"rot":0.0,"pos":{"x":0.0,"y":0.0},"scale":{"x":1.0,"y":1.0},"align":5,"bounds_type":0,"bounds_align":0,"bounds":{"x":0.0,"y":0.0},"crop_left":0,"crop_top":0,"crop_right":0,"crop_bottom":0,"id":3,"group_item_backup":false,"scale_filter":"disable","blend_method":"default","blend_type":"normal","show_transition":{"duration":0},"hide_transition":{"duration":0},"private_settings":{}},{"name":"窗口采集","source_uuid":"c3bab03d-983a-4691-8216-3fbe94e7cc08","visible":true,"locked":false,"rot":0.0,"pos":{"x":0.0,"y":0.0},"scale":{"x":1.0,"y":1.0},"align":5,"bounds_type":1,"bounds_align":0,"bounds":{"x":2560.0,"y":1440.0},"crop_left":0,"crop_top":0,"crop_right":0,"crop_bottom":0,"id":2,"group_item_backup":false,"scale_filter":"disable","blend_method":"default","blend_type":"normal","show_transition":{"duration":0},"hide_transition":{"duration":0},"private_settings":{}},{"name":"应用程序音频采集（测试）","source_uuid":"0045cf74-9b4a-4ea6-94d1-60e4604364da","visible":true,"locked":false,"rot":0.0,"pos":{"x":0.0,"y":0.0},"scale":{"x":1.0,"y":1.0},"align":5,"bounds_type":0,"bounds_align":0,"bounds":{"x":0.0,"y":0.0},"crop_left":0,"crop_top":0,"crop_right":0,"crop_bottom":0,"id":4,"group_item_backup":false,"scale_filter":"disable","blend_method":"default","blend_type":"normal","show_transition":{"duration":0},"hide_transition":{"duration":0},"private_settings":{}},{"name":"music","source_uuid":"2c0b95d1-576a-47a5-a1e0-d5d05ae1031f","visible":true,"locked":false,"rot":0.0,"pos":{"x":0.0,"y":0.0},"scale":{"x":1.0,"y":1.0},"align":5,"bounds_type":0,"bounds_align":0,"bounds":{"x":0.0,"y":0.0},"crop_left":0,"crop_top":0,"crop_right":0,"crop_bottom":0,"id":5,"group_item_backup":false,"scale_filter":"disable","blend_method":"default","blend_type":"normal","show_transition":{"duration":0},"hide_transition":{"duration":0},"private_settings":{}}]},"mixers":0,"sync":0,"flags":0,"volume":1.0,"balance":0.5,"enabled":true,"muted":false,"push-to-mute":false,"push-to-mute-delay":0,"push-to-talk":false,"push-to-talk-delay":0,"hotkeys":{"OBSBasic.SelectScene":[],"libobs.show_scene_item.图像":[],"libobs.hide_scene_item.图像":[],"libobs.show_scene_item.窗口采集":[],"libobs.hide_scene_item.窗口采集":[],"libobs.show_scene_item.音频输入采集":[],"libobs.hide_scene_item.音频输入采集":[],"libobs.show_scene_item.应用程序音频采集（测试）":[],"libobs.hide_scene_item.应用程序音频采集（测试）":[],"libobs.show_scene_item.music":[],"libobs.hide_scene_item.music":[]},"deinterlace_mode":0,"deinterlace_field_order":0,"monitoring_type":0,"private_settings":{}},{"prev_ver":486604803,"name":"图像","uuid":"5aa41db1-8c5b-4ee0-85c4-5f96ccfd5a99","id":"image_source","versioned_id":"image_source","settings":{"unload":true,"file":"M:/_Savefile/wallhaven-exygjw.jpg"},"mixers":0,"sync":0,"flags":0,"volume":1.0,"balance":0.5,"enabled":true,"muted":false,"push-to-mute":false,"push-to-mute-delay":0,"push-to-talk":false,"push-to-talk-delay":0,"hotkeys":{},"deinterlace_mode":0,"deinterlace_field_order":0,"monitoring_type":0,"private_settings":{}},{"prev_ver":486604803,"name":"窗口采集","uuid":"c3bab03d-983a-4691-8216-3fbe94e7cc08","id":"window_capture","versioned_id":"window_capture","settings":{"window":"OBS管家 OBS插件中心 - 专业易用的OBS插件 - Google Chrome:Chrome_WidgetWin_1:chrome.exe"},"mixers":0,"sync":0,"flags":0,"volume":1.0,"balance":0.5,"enabled":true,"muted":false,"push-to-mute":false,"push-to-mute-delay":0,"push-to-talk":false,"push-to-talk-delay":0,"hotkeys":{},"deinterlace_mode":0,"deinterlace_field_order":0,"monitoring_type":0,"private_settings":{}},{"prev_ver":486604803,"name":"音频输入采集","uuid":"6153882c-c17e-4805-95eb-6bf7dc109c6c","id":"wasapi_input_capture","versioned_id":"wasapi_input_capture","settings":{},"mixers":210,"sync":0,"flags":0,"volume":1.0,"balance":0.5,"enabled":true,"muted":false,"push-to-mute":false,"push-to-mute-delay":0,"push-to-talk":false,"push-to-talk-delay":0,"hotkeys":{"libobs.mute":[],"libobs.unmute":[],"libobs.push-to-mute":[],"libobs.push-to-talk":[]},"deinterlace_mode":0,"deinterlace_field_order":0,"monitoring_type":0,"private_settings":{}},{"prev_ver":486604803,"name":"应用程序音频采集（测试）","uuid":"0045cf74-9b4a-4ea6-94d1-60e4604364da","id":"wasapi_process_output_capture","versioned_id":"wasapi_process_output_capture","settings":{"window":"OBS管家 OBS插件中心 - 专业易用的OBS插件 - Google Chrome:Chrome_WidgetWin_1:chrome.exe"},"mixers":212,"sync":0,"flags":0,"volume":1.0,"balance":0.5,"enabled":true,"muted":false,"push-to-mute":false,"push-to-mute-delay":0,"push-to-talk":false,"push-to-talk-delay":0,"hotkeys":{"libobs.mute":[],"libobs.unmute":[],"libobs.push-to-mute":[],"libobs.push-to-talk":[]},"deinterlace_mode":0,"deinterlace_field_order":0,"monitoring_type":0,"private_settings":{}},{"prev_ver":486604803,"name":"music","uuid":"2c0b95d1-576a-47a5-a1e0-d5d05ae1031f","id":"wasapi_process_output_capture","versioned_id":"wasapi_process_output_capture","settings":{"window":"此生不换 - 青鸟飞鱼:Chrome_WidgetWin_1:lx-music-desktop.exe"},"mixers":200,"sync":0,"flags":0,"volume":0.38529181480407715,"balance":0.5,"enabled":true,"muted":false,"push-to-mute":false,"push-to-mute-delay":0,"push-to-talk":false,"push-to-talk-delay":0,"hotkeys":{"libobs.mute":[],"libobs.unmute":[],"libobs.push-to-mute":[],"libobs.push-to-talk":[]},"deinterlace_mode":0,"deinterlace_field_order":0,"monitoring_type":0,"private_settings":{}}],"groups":[],"quick_transitions":[{"name":"裁切","duration":300,"hotkeys":[],"id":1,"fade_to_black":false},{"name":"渐变","duration":300,"hotkeys":[],"id":2,"fade_to_black":false},{"name":"渐变","duration":300,"hotkeys":[],"id":3,"fade_to_black":true}],"transitions":[],"saved_projectors":[],"current_transition":"渐变","transition_duration":300,"preview_locked":false,"scaling_enabled":false,"scaling_level":0,"scaling_off_x":0.0,"scaling_off_y":0.0,"modules":{"scripts-tool":[],"output-timer":{"streamTimerHours":0,"streamTimerMinutes":0,"streamTimerSeconds":30,"recordTimerHours":0,"recordTimerMinutes":0,"recordTimerSeconds":30,"autoStartStreamTimer":false,"autoStartRecordTimer":false,"pauseRecordTimer":true},"auto-scene-switcher":{"interval":300,"non_matching_scene":"","switch_if_not_matching":false,"active":false,"switches":[]},"captions":{"source":"","enabled":false,"lang_id":2052,"provider":"mssapi"}}}