{"serializedVersion":"1","variantsRequested":498793212,"variantsRequestedMissing":0,"variantsRequestedUnsupported":0,"variantsRequestedCompiled":0,"variantsRequestedViaWarmup":240,"variantsUnused":4506,"variantsCompilationTimeTotal":225,"variantsCompilationTimeMax":39,"variantsCompilationTimeMedian":1,"variantsWarmupTimeTotal":41,"variantsWarmupTimeMax":41,"variantsWarmupTimeMedian":41,"useProgressiveWarmup":true,"shaderChunkSizeMin":0,"shaderChunkSizeMax":64,"shaderChunkSizeAvg":32,"shaderChunkCountMin":0,"shaderChunkCountMax":2,"shaderChunkCountAvg":1}